time,temperature_2m,relative_humidity_2m,surface_pressure,wind_speed_10m,wildfire_target
2025-01-01T00:00,39.63668227823399,31.074085814276135,1003.4409161784944,18.813297668485873,1
2025-01-01T01:00,32.870084600284336,39.181244016283266,1009.0686657733984,11.708049685817477,1
2025-01-01T02:00,33.58425721813002,33.255611242731916,1007.4645212885712,25.13578445804794,1
2025-01-01T03:00,31.166909173890687,27.029751969515804,1008.7939305680719,16.83140774063136,1
2025-01-01T04:00,1.6374101857268082,88.34390833676983,1013.1754970025759,9.471614629002477,0
2025-01-01T05:00,29.788379466792826,47.177350137039426,1001.7851978927259,11.638768780762923,1
2025-01-01T06:00,27.763729773590114,21.71007162655802,1008.4034817758851,10.980092899425472,1
2025-01-01T07:00,38.13232975593845,29.07398952384409,1008.5723093736979,12.93390228030363,1
2025-01-01T08:00,27.11689177448983,20.023685332796564,1000.8757456298624,28.29232909030383,1
2025-01-01T09:00,5.493182923153057,89.15577842992256,1012.7421520234867,4.09334006315043,0
2025-01-01T10:00,34.59079632181147,23.871092266682748,1002.7470503280714,10.811714242693903,1
2025-01-01T11:00,18.234399728189643,86.70288679041789,1012.7997909366028,1.8704374855752337,0
2025-01-01T12:00,26.95480649758504,39.30286848551992,1000.97610038109,28.47462791753552,1
2025-01-01T13:00,29.91349440883189,26.296785269149915,1000.1961053247426,20.463162996352832,1
2025-01-01T14:00,34.81034616488141,32.48651093096943,1006.8910908148682,27.173441098589922,1
2025-01-01T15:00,31.649804811590478,37.57589151583765,1005.3230436384816,11.660775156203728,1
2025-01-01T16:00,12.3133107884277,74.03305388224365,1013.5871552541702,2.7875987241455302,0
2025-01-01T17:00,35.93305764232893,47.957381977923674,1009.5021120586543,22.060277267291763,1
2025-01-01T18:00,26.076030156211374,26.80275852201548,1009.0841010726857,10.388024912364308,1
2025-01-01T19:00,18.661412828760138,96.77674682459423,1017.8036550300689,4.975398521461022,0
2025-01-01T20:00,31.5054149698057,45.454153232187934,1007.9393513345185,22.46420746136014,1
2025-01-01T21:00,11.688747482286761,72.86605941504004,1014.5176767873722,1.6801420774486342,0
2025-01-01T22:00,11.353318425696841,96.6738377182003,1016.3239132432839,4.739212201161028,0
2025-01-01T23:00,39.91495454028572,26.981850467466554,1001.8987532909592,17.836217892343434,1
2025-01-02T00:00,-2.52054751,82.04482947583864,1012.040356346289,7.330712960296748,0
2025-01-02T01:00,-1.197392919,83.20970255105047,1010.8346408498938,8.036035354415352,0
2025-01-02T02:00,4.492310204181672,87.70884827544424,1016.2414890784913,5.520471808519803,0
2025-01-02T03:00,38.86976658107771,23.375123997142744,1003.3300763305224,14.286001446457572,1
2025-01-02T04:00,27.575649834605322,35.89501666886211,1006.2890514492361,23.09882209134643,1
2025-01-02T05:00,31.396090847379593,36.12250815799421,1004.441130051754,23.600921127485396,1
2025-01-02T06:00,-0.018241588,96.32410139963446,1010.1374555401135,2.1440648299316454,0
2025-01-02T07:00,7.0380587878137515,73.51924566887183,1016.8556528722897,2.005247267003367,0
2025-01-02T08:00,34.616291553732395,29.34958749963947,1000.6605530782216,17.20119803861452,1
2025-01-02T09:00,12.373827983576192,87.0217283246822,1017.3502518618982,4.88177675310814,0
2025-01-02T10:00,10.511844626299265,92.26759561597262,1011.9497519990028,7.499777984520708,0
2025-01-02T11:00,6.5369366156183535,89.11604430424842,1018.9511774070654,6.139335847600618,0
2025-01-02T12:00,39.55175329627648,20.659454444288688,1007.8803514957502,12.712532320146268,1
2025-01-02T13:00,26.03130859633731,36.49151765489933,1008.7774940486263,26.52929218984366,1
2025-01-02T14:00,36.556176806029654,34.98855235996286,1009.7374258203849,18.164750386925974,1
2025-01-02T15:00,19.992941832153264,99.89910511221716,1017.6898741518052,8.496473906774115,0
2025-01-02T16:00,12.858165893374938,83.85148431439357,1016.9459542725328,8.616909037873452,0
2025-01-02T17:00,5.01907652188315,86.78920993924653,1011.8192813049527,9.461154621336327,0
2025-01-02T18:00,6.92250266169925,91.54993526116012,1016.4061518354889,1.6269974380856589,0
2025-01-02T19:00,36.879415217000734,23.81543567650661,1001.7015264114451,15.264923496610887,1
2025-01-02T20:00,9.878291872642038,70.29771463383507,1019.6349924088759,6.775422674589532,0
2025-01-02T21:00,4.663512670575697,85.33826386602253,1015.7727902923314,9.807393435834294,0
2025-01-02T22:00,38.004115642457684,42.402299233944795,1004.9498279471246,23.924428722425446,1
2025-01-02T23:00,32.89141019877313,40.63307619097205,1007.3647317461907,10.98588985528833,1
2025-01-03T00:00,15.873680142360094,99.24071788145655,1012.3147521376529,9.264637979561849,0
2025-01-03T01:00,32.502969032841776,45.2132825163806,1007.8904060420205,18.093074832971006,1
2025-01-03T02:00,33.38827197652687,35.4422658127034,1000.1602815645513,17.53972334573683,1
2025-01-03T03:00,31.1936678438382,36.12481261019703,1000.0234747386745,23.611661858375346,1
2025-01-03T04:00,-4.746720399,89.08288139228627,1016.1257346834482,7.239730554660938,0
2025-01-03T05:00,34.64166120219892,41.53028473380499,1003.7720178245764,18.690619266089907,1
2025-01-03T06:00,11.587544227701397,70.15184751538656,1015.4873378936659,6.519612595026006,0
2025-01-03T07:00,15.23402888696284,94.30340184037541,1019.1324055255648,5.015162946871996,0
2025-01-03T08:00,34.15564089672538,45.049213570488874,1001.1250313052664,15.501977631182488,1
2025-01-03T09:00,-2.010143852,91.39734361668985,1015.612771975695,4.937955963643907,0
2025-01-03T10:00,13.237705716309918,92.96538696973329,1016.1022514947764,7.513750860290457,0
2025-01-03T11:00,31.464745942708877,25.24360145135474,1005.6115021243518,16.508365613652156,1
2025-01-03T12:00,10.193803056318064,78.85904432715498,1016.5163976047728,3.1562734376334998,0
2025-01-03T13:00,-3.863840491,78.42889568776691,1018.9026378389092,6.201325978015367,0
2025-01-03T14:00,30.4375297679727,44.71992955639935,1004.6904074751816,13.603172954652385,1
2025-01-03T15:00,16.833072896520193,89.08874061937745,1011.6007163495457,0.09331619827093296,0
2025-01-03T16:00,28.164548359299257,45.24866022628322,1008.4381286365831,14.35175879863289,1
2025-01-03T17:00,36.710231120317935,31.707156487519853,1009.1134181621641,13.489969727959103,1
2025-01-03T18:00,36.5459712744532,44.32805578017832,1009.4715293600635,25.436720704602198,1
2025-01-03T19:00,35.906967953228914,20.021505761197393,1001.6452537239281,15.269468913876965,1
2025-01-03T20:00,12.83373964711381,96.85620513061598,1015.3211348526531,4.474123668234546,0
2025-01-03T21:00,35.25805187363548,20.760458127918156,1003.1610131154697,22.19625523096234,1
2025-01-03T22:00,4.732390351049414,78.660812103121,1017.1904590518425,5.664046402968972,0
2025-01-03T23:00,14.560645305319696,99.77543860485915,1018.7430733413709,2.2465739764176664,0
2025-01-04T00:00,30.037245469623016,38.452092620440936,1009.6205849894135,19.056496105686534,1
2025-01-04T01:00,26.954769821369364,30.368811111084767,1002.463482472423,12.634190704127102,1
2025-01-04T02:00,7.345351011423217,81.62946416366941,1017.0385709163434,1.6695308874719872,0
2025-01-04T03:00,-3.641699129,92.459357023786,1010.0013469300449,0.46851908527603126,0
2025-01-04T04:00,37.197130067225885,37.652937213603565,1002.3672047585384,26.598791864248867,1
2025-01-04T05:00,16.412246029708058,89.76080894856835,1010.7056874740043,0.26511310541621813,0
2025-01-04T06:00,25.1576983681248,42.85669683132452,1004.3283992105718,19.539667852353077,1
2025-01-04T07:00,6.191835635260459,74.02824552706826,1015.2965972394562,5.006035711547075,0
2025-01-04T08:00,30.64388993995633,47.698580630418064,1002.6974246587376,23.178036131497144,1
2025-01-04T09:00,17.419710247650297,84.21884920788617,1011.7231987120163,0.40868616266478863,0
2025-01-04T10:00,16.749228991192123,73.91957031470389,1011.2482081396685,2.7576756825135695,0
2025-01-04T11:00,-2.782436656,73.61907613301803,1012.0633371840579,5.034172708548569,0
2025-01-04T12:00,18.761479264382395,87.4486687896758,1015.8008883466946,7.587762537573251,0
2025-01-04T13:00,39.423260982063496,33.34557298482623,1003.5164987234191,21.379109665637017,1
2025-01-04T14:00,34.56168068076853,36.60283102361204,1006.9650718347689,28.852194203173113,1
2025-01-04T15:00,39.21347689486065,43.00546693453319,1005.9080453351792,28.82557857813596,1
2025-01-04T16:00,31.80124345936402,49.67839835319155,1003.5501526613625,20.062671094966397,1
2025-01-04T17:00,12.860604101781057,92.77015847565792,1015.1385446420677,3.6928077021554104,0
2025-01-04T18:00,18.204552452848787,97.87418560046387,1015.2767746622169,9.956311094988834,0
2025-01-04T19:00,19.799068680966084,78.82202386530334,1017.6536336385805,8.655623831722036,0
2025-01-04T20:00,27.07557392080835,49.48218622731158,1000.733640674596,21.90732740313745,1
2025-01-04T21:00,15.995057140890431,81.51498855799132,1015.8776936086219,3.622354416522884,0
2025-01-04T22:00,32.26276747483895,39.44306381783214,1006.5399422142025,16.1969423350656,1
2025-01-04T23:00,19.75830759484121,70.77308796293053,1016.5950598165133,1.2038757878908901,0
2025-01-05T00:00,27.892594134133684,25.733168680734348,1002.6558759830735,14.117746215331987,1
2025-01-05T01:00,7.64721697211165,88.34362706303943,1018.7212390894415,5.65133183589209,0
2025-01-05T02:00,5.936873050593226,97.12476083481245,1015.1398948915981,3.9654278232127016,0
2025-01-05T03:00,25.345706326099112,46.90239649723234,1002.2753387693647,12.54816143390858,1
2025-01-05T04:00,33.92915261656082,36.17581382381943,1004.8421313934764,21.033759356129234,1
2025-01-05T05:00,2.309577760304828,83.31758363519134,1013.0104607783431,0.5617607734743901,0
2025-01-05T06:00,26.955110853536077,29.278043344990863,1009.8585844041094,12.606478934046564,1
2025-01-05T07:00,18.293842985820408,81.91045123711575,1016.170665161178,3.452231428016921,0
2025-01-05T08:00,29.523803048103275,25.649075747513194,1000.9301740926268,12.093208806929622,1
2025-01-05T09:00,27.036187796498517,49.32314552612037,1001.6372895787918,12.003099950135338,1
2025-01-05T10:00,35.92174656004249,38.00754230298749,1007.6974662285709,21.4712656005342,1
2025-01-05T11:00,28.3224032328946,21.043975996050502,1002.8919315196587,26.007283769106905,1
2025-01-05T12:00,18.88809239887337,70.54697748029085,1010.0756287497815,8.98030548949987,0
2025-01-05T13:00,34.34111914566216,32.385181932767196,1002.5181470200913,22.274159390874946,1
2025-01-05T14:00,35.133801603511586,35.266822102096405,1008.6603567504576,25.560926129663983,1
2025-01-05T15:00,39.56002041690806,25.271457375104774,1004.2418505574598,15.082945602556288,1
2025-01-05T16:00,35.42844483621603,32.53997650761055,1006.4908060201889,28.341970103435884,1
2025-01-05T17:00,32.68864323886317,28.033229438123527,1004.7078499701271,28.81279998372228,1
2025-01-05T18:00,14.93238414448884,74.49752282046322,1017.2225256839307,6.411476328852973,0
2025-01-05T19:00,10.745516360867692,82.09631899551468,1015.3129401835093,4.284579038487955,0
2025-01-05T20:00,8.845056017809407,79.1657293197407,1014.4720254050484,5.156794276964978,0
2025-01-05T21:00,32.21179252269591,49.760479081905075,1008.413567713052,25.357218462517107,1
2025-01-05T22:00,26.167847794131543,48.66344574314202,1008.596453453526,27.078857642837058,1
2025-01-05T23:00,18.919995387107154,85.01203437130604,1014.5769960515929,3.6870717086479523,0
2025-01-06T00:00,32.86654518786624,44.182902438822424,1006.422096370027,12.185588907363199,1
2025-01-06T01:00,-2.882791453,84.00079362653226,1018.409087104029,3.809912736683999,0
2025-01-06T02:00,38.731243022000555,42.85803127229291,1009.8837056672157,11.164756616405505,1
2025-01-06T03:00,13.779451195210452,72.13022993599766,1013.5477129183598,6.6857264672291405,0
2025-01-06T04:00,8.184990553066909,91.58060867107476,1010.7940658464303,1.8741194409758222,0
2025-01-06T05:00,32.98706361825846,36.93249763339243,1001.662553303497,22.34388454233933,1
2025-01-06T06:00,37.9654939968396,33.70664215211801,1003.8605093565184,23.943325085807007,1
2025-01-06T07:00,1.7043591936228335,80.83224179023111,1016.7969721683335,0.34672704226066386,0
2025-01-06T08:00,29.72825106065929,23.45903271017148,1007.1945996766997,15.139045990169397,1
2025-01-06T09:00,30.53526598616759,24.065506206822622,1001.1260922934922,13.67159254710292,1
2025-01-06T10:00,33.538096946941415,46.03938880192709,1007.18014178127,11.848990340741333,1
2025-01-06T11:00,29.99035269539005,33.14895824099498,1001.6471774694298,20.29142232535601,1
2025-01-06T12:00,9.554968664852847,81.13517270312883,1017.0558586264383,3.7455288702012135,0
2025-01-06T13:00,29.840255606167304,39.34718971594751,1006.0919539139333,15.2919422376206,1
2025-01-06T14:00,39.80343918082446,42.637080836172096,1005.3839497928695,27.150612155038473,1
2025-01-06T15:00,3.83380570065132,87.50968335552616,1019.7439480766617,6.981617140197452,0
2025-01-06T16:00,14.6586253603888,72.68233006936778,1018.7911830756217,4.674015112498697,0
2025-01-06T17:00,15.124724992019242,78.09462160384643,1014.9825568226346,0.585509292439792,0
2025-01-06T18:00,1.0997410844770892,99.19031664257336,1018.9204655517711,7.948113035416484,0
2025-01-06T19:00,14.729280965183456,84.95326596787172,1015.3710654181855,7.4543947418433,0
2025-01-06T20:00,16.460318796075295,82.86982082125056,1017.5454287408468,9.025529066795666,0
2025-01-06T21:00,1.0473457064709741,70.37212108831945,1013.0126526076,2.972378077086172,0
2025-01-06T22:00,35.72044133509933,38.113782718583536,1004.1081639556743,29.320429182604173,1
2025-01-06T23:00,19.945521392049454,90.30463896572186,1012.946193963462,7.3786951856153005,0
2025-01-07T00:00,37.8266413299616,30.394078612360016,1009.7973433477385,10.819564444997809,1
2025-01-07T01:00,30.393147167800052,23.77407009038154,1005.2514085176963,19.037380893045558,1
2025-01-07T02:00,35.835602614491975,22.339815992282272,1004.9278134586496,29.56530927058948,1
2025-01-07T03:00,6.508956780048157,95.9369082856801,1013.8040054897041,1.1072059332631567,0
2025-01-07T04:00,35.290363359038366,27.497051649106695,1006.9061531238664,18.0903904891647,1
2025-01-07T05:00,15.895648197762899,79.96573099346814,1017.7112281585189,1.5159507480009937,0
2025-01-07T06:00,37.295155041706884,49.980509014166,1002.6517074118335,29.308972692012425,1
2025-01-07T07:00,-3.960678524,74.45029602886267,1019.6511869643605,9.51811785423239,0
2025-01-07T08:00,35.74947905053047,33.11844944733853,1001.3696663454424,12.530906223927545,1
2025-01-07T09:00,10.295775502580536,81.20373835398115,1011.0587431821313,4.1317251720771955,0
2025-01-07T10:00,25.228972594690447,26.6038773259258,1004.4359970131819,27.465087133833453,1
2025-01-07T11:00,18.940791156814697,86.97234851839868,1010.8505638548924,3.7997907896539465,0
2025-01-07T12:00,16.091241601295593,99.43577587492348,1018.5378492170466,9.606269755131997,0
2025-01-07T13:00,33.241177480914466,37.72598802185344,1002.5566622333181,26.873610593299553,1
2025-01-07T14:00,18.85127568146806,88.1852390335264,1016.7170068440586,3.5816271803284048,0
2025-01-07T15:00,35.04022526144194,44.947217777313575,1000.3859156193813,16.29866454917865,1
2025-01-07T16:00,31.084678891708563,25.074856815272604,1008.5331718666658,22.064908453680594,1
2025-01-07T17:00,34.65054587604641,27.87530871449497,1002.3097931052806,27.029783632930933,1
2025-01-07T18:00,27.164680655312225,22.806782207370066,1008.7353426424521,14.230134985635361,1
2025-01-07T19:00,27.437665979461844,48.79237164385908,1008.63789622965,25.247224274143456,1
2025-01-07T20:00,32.33824373032136,30.2580348072418,1000.2439099311009,20.97865048998675,1
2025-01-07T21:00,39.68421033781993,35.05608593073511,1007.5347560544648,20.938310275862484,1
2025-01-07T22:00,-4.632665284,81.3728214601581,1010.193276309176,4.136426749186352,0
2025-01-07T23:00,31.03789533235213,47.60120157637711,1000.9041897779166,15.171145272804917,1
2025-01-08T00:00,13.221536056748672,72.86197831939631,1010.2916976364527,6.62434011701068,0
2025-01-08T01:00,12.793070143651217,99.43431195375466,1012.5954178317609,5.93560935378786,0
2025-01-08T02:00,10.78547303045941,85.97512199247946,1016.0563788932341,3.3720657556575206,0
2025-01-08T03:00,18.522004238980106,73.73037524292612,1019.7094024960462,7.220660642037853,0
2025-01-08T04:00,14.985396974224482,90.8408941256328,1015.9023066686909,0.9158207332663415,0
2025-01-08T05:00,38.68876326887234,43.41565408271065,1006.0671957978224,22.76006470432496,1
2025-01-08T06:00,7.792686177867521,84.49882854898976,1018.3914660807076,5.056967437813739,0
2025-01-08T07:00,9.016957373473748,88.85279369843761,1012.5327238352271,7.2344366235491195,0
2025-01-08T08:00,19.288317272526267,79.94041021309152,1011.9609771273839,2.806832155159743,0
2025-01-08T09:00,-3.511882491,88.11386358848164,1011.1448763806591,4.562365089555421,0
2025-01-08T10:00,39.065569230690514,47.367636833034666,1002.447155970237,16.04553400992897,1
2025-01-08T11:00,33.45605652168099,26.149376984777323,1000.5227910326876,13.963927728433363,1
2025-01-08T12:00,-0.477702466,93.97473913314346,1017.3087034577616,5.7835976311654,0
2025-01-08T13:00,34.34706780621738,30.682018973574344,1002.3369044882536,14.7136506915177,1
2025-01-08T14:00,3.132265459043694,97.02882687071404,1018.2541566412394,2.4900873610908993,0
2025-01-08T15:00,31.458037313695556,23.574220159881445,1003.4883190745863,22.426612483114145,1
2025-01-08T16:00,35.05380964066539,25.637107663952495,1003.3645035181751,16.263641014072704,1
2025-01-08T17:00,-4.221647928,89.55000476127655,1018.6435824983964,9.681934279147217,0
2025-01-08T18:00,7.64085383554897,98.2336243760102,1011.0256796258359,5.533711897497718,0
2025-01-08T19:00,-3.107506817,81.63478269750794,1019.0177402854623,0.6697361202527152,0
2025-01-08T20:00,34.804847146084306,48.68663520930883,1002.4793244980581,28.64267830796566,1
2025-01-08T21:00,26.698651774597298,37.10561647399413,1004.7710981769393,23.583433990759858,1
2025-01-08T22:00,33.35571379288351,43.620465452291214,1003.2389555258038,27.751261436323826,1
2025-01-08T23:00,30.50916551921064,47.414435678748326,1003.7344459114544,26.732404207353163,1
2025-01-09T00:00,26.487191684164358,38.68862132550145,1007.7798497157094,13.291321168586698,1
2025-01-09T01:00,13.43584421803714,85.36665762438024,1010.4167290060238,7.163233880626823,0
2025-01-09T02:00,9.826108354669604,81.74577094533488,1016.956181464968,6.195893374598407,0
2025-01-09T03:00,13.114957171190724,73.34778999871742,1012.8104975016689,3.7975152291931744,0
2025-01-09T04:00,12.96134868306375,95.87921413447538,1018.0000348176368,3.965536819899632,0
2025-01-09T05:00,7.646317323795724,95.221090840336,1015.4223720549185,5.0836054691628,0
2025-01-09T06:00,36.51646926571507,23.418976613577236,1008.343247957494,22.928147504561778,1
2025-01-09T07:00,3.4151069548480137,74.03244030816923,1019.8996023238994,8.09874445854635,0
2025-01-09T08:00,19.75134625260658,74.20252045709572,1018.7737307192796,6.97015740995268,0
2025-01-09T09:00,39.02193276239175,47.27606408619461,1008.881913496613,15.683685914234575,1
2025-01-09T10:00,33.24815381734316,38.587477784812606,1008.3629131310246,12.409636448769358,1
2025-01-09T11:00,34.529850200624814,25.894609008686334,1000.4149732550991,21.1948932266735,1
2025-01-09T12:00,30.322685851459873,38.38053034023822,1005.4761610065375,15.188983421361526,1
2025-01-09T13:00,32.72750542579883,49.70855511754824,1003.7097371259217,13.409250231632841,1
2025-01-09T14:00,4.161538371784946,81.88518074827766,1013.8855810127035,2.375441308743275,0
2025-01-09T15:00,36.376055095513046,20.659595661179708,1000.1394901869191,17.301878404636117,1
2025-01-09T16:00,-3.509566866,90.76151659119235,1014.1581856801841,4.027394847468307,0
2025-01-09T17:00,29.571413691959886,25.454253970008494,1007.1411914092491,23.801507083775952,1
2025-01-09T18:00,1.0036404694548269,72.27589984325992,1011.2804583895777,1.3882717264941014,0
2025-01-09T19:00,2.291564467732581,90.84945658379627,1017.7985098889335,4.805069472578289,0
2025-01-09T20:00,37.37962603634474,23.778219231425016,1008.6423060226156,24.887364086079813,1
2025-01-09T21:00,34.671350898851394,30.189818614443283,1005.5742474467014,23.01655900978656,1
2025-01-09T22:00,28.68727880533862,47.44526449554964,1009.5226401453338,22.630887573523207,1
2025-01-09T23:00,19.256427743151427,83.12983984444611,1017.0487101004338,5.464303160778473,0
2025-01-10T00:00,25.747902195987464,24.49727759741419,1005.757924711223,10.339382586309329,1
2025-01-10T01:00,-4.133243332,87.48420505250469,1018.5569609383754,0.6364090928664234,0
2025-01-10T02:00,32.214124121264554,31.28935450864993,1000.522686675616,18.724288342400907,1
2025-01-10T03:00,39.03284534138286,47.36622713747546,1000.3941758512036,26.552205226983066,1
2025-01-10T04:00,14.533046393682625,87.34895198261083,1018.1112376993347,3.881657061269955,0
2025-01-10T05:00,26.935976872435944,36.105774395078555,1003.0835212167619,25.281911731577587,1
2025-01-10T06:00,26.895552129205075,49.21076404550597,1007.7287393638185,12.861627908346279,1
2025-01-10T07:00,19.665989462529385,81.22812387268361,1018.127995672575,9.860010638228708,0
2025-01-10T08:00,39.484797621496185,20.445683675225112,1003.3336783811657,21.41329157961578,1
2025-01-10T09:00,5.7986254660528935,78.73687420594126,1011.3949386065204,3.663618432936917,0
2025-01-10T10:00,27.20744876642418,28.93931706487531,1009.1082626468632,19.67720437728623,1
2025-01-10T11:00,10.756180486403949,77.45150826229623,1014.2760133370334,6.493223245768816,0
2025-01-10T12:00,30.943710202246088,48.91452983564541,1002.8787950333484,24.07056680363061,1
2025-01-10T13:00,33.168329869820134,24.79639290099324,1001.675665393045,20.06690261212308,1
2025-01-10T14:00,19.425173860973587,73.0567930261881,1014.3358279263261,7.483843496762313,0
2025-01-10T15:00,36.72284694299601,47.92423017034285,1005.7695915012098,26.481889809687484,1
2025-01-10T16:00,15.359669481719035,78.41004257654238,1014.3985563971383,3.80951845023475,0
2025-01-10T17:00,37.249828648024355,46.55716636122696,1005.3836310210103,17.759455087957726,1
2025-01-10T18:00,0.3955256874210793,88.68671427457001,1010.5168172116861,5.406351216101065,0
2025-01-10T19:00,14.894816735902527,96.70016025452699,1013.7558295263995,5.78280140996174,0
2025-01-10T20:00,14.300311907749759,70.8150226367668,1014.6393137681233,5.387017979527142,0
2025-01-10T21:00,27.662227524865177,27.566694026918565,1009.4717061684339,19.952991090104362,1
2025-01-10T22:00,15.349256737650471,88.45658314693033,1016.2389583629164,4.260833838903714,0
2025-01-10T23:00,2.744696480227481,78.70136595887311,1016.727029942089,2.50467898792499,0
2025-01-11T00:00,7.855860960340291,87.77243706586128,1016.0754485190143,0.6505159298527952,0
2025-01-11T01:00,-1.797606341,80.14802517983495,1012.2461561184385,4.32076882944196,0
2025-01-11T02:00,29.974252736617508,35.01737952292494,1005.1057040872851,16.24128089304041,1
2025-01-11T03:00,32.296075533042675,35.147984122682004,1008.1273290430468,12.621597234094061,1
2025-01-11T04:00,17.937146078299754,78.71513517014262,1018.9014113739602,0.6220322616470275,0
2025-01-11T05:00,14.272805093645548,73.19794759401316,1017.281887562036,6.88402396427736,0
2025-01-11T06:00,4.881482885778944,75.45336601652086,1018.2730214973725,4.191828759021213,0
2025-01-11T07:00,1.0602433103770057,73.44510474217611,1012.8863055324025,1.5436271527420231,0
2025-01-11T08:00,10.501818898212838,86.00383275928965,1017.8859721122453,3.1172206779554825,0
2025-01-11T09:00,0.6507249453999933,89.21428126527532,1016.0349309604338,6.478174459905284,0
2025-01-11T10:00,5.97837271425546,81.30833288274722,1013.0137787416414,5.027203900924792,0
2025-01-11T11:00,33.56279538316469,35.81212815540375,1006.1521489659691,13.150010961516077,1
2025-01-11T12:00,28.02098654190831,48.77072527918898,1002.6167136663751,10.563826808944443,1
2025-01-11T13:00,35.61284228467064,20.935247273357636,1001.386525291133,13.51344595937169,1
2025-01-11T14:00,4.035094476679658,95.79384024434937,1013.2823310567834,7.624469586748685,0
2025-01-11T15:00,0.6531332812417983,79.12596158908843,1012.3041666211735,7.293447940879964,0
2025-01-11T16:00,38.1891933423551,41.76114800704572,1004.0777803440616,10.94393403394758,1
2025-01-11T17:00,29.9942537044356,40.0823619276093,1005.9087192297426,25.956047444172157,1
2025-01-11T18:00,25.425061755750768,44.855907787445254,1002.5903514410335,14.297092128499962,1
2025-01-11T19:00,11.563057108849549,79.35133228268234,1015.4671027934328,9.695846277645586,0
2025-01-11T20:00,33.533821087670745,46.45126908915754,1007.3956324811127,23.383083110697015,1
2025-01-11T21:00,10.809906411637714,73.84977586566293,1016.9342212805631,7.534721106595967,0
2025-01-11T22:00,5.218354277452409,70.76159066981035,1017.159722288474,0.2709599250348349,0
2025-01-11T23:00,17.252425879595208,80.37632382213572,1010.2544775990575,6.369023174547433,0
2025-01-12T00:00,12.348739762753919,76.88794482261906,1011.6528449014296,7.187396178535303,0
2025-01-12T01:00,26.55092404945062,32.945243595429275,1005.1594587852543,28.810746022058954,1
2025-01-12T02:00,36.70126035602447,43.13674445871211,1009.2222331815486,17.598485819240288,1
2025-01-12T03:00,14.108834660910684,88.71229254592028,1010.3893801668767,6.195262000363034,0
2025-01-12T04:00,27.63835425127993,27.061497856950727,1009.1483494999687,12.884800422362071,1
2025-01-12T05:00,9.673412663972677,87.42851139664538,1017.5673016706857,7.073970000329277,0
2025-01-12T06:00,-3.081048453,70.12562330883874,1016.4181951680143,4.896440760320326,0
2025-01-12T07:00,14.206835346612955,82.53300346502002,1017.375823015889,1.1047411313139466,0
2025-01-12T08:00,37.243417777942,49.6478634542956,1000.4741563614009,22.087614381656163,1
2025-01-12T09:00,-2.653567879,97.28880458309777,1018.2928679931675,5.717723520483222,0
2025-01-12T10:00,27.935689601494737,44.60759956834669,1004.1896977377952,15.132944143721916,1
2025-01-12T11:00,10.582453170688948,79.92694074557947,1013.1098232171566,7.29606178338064,0
2025-01-12T12:00,-1.248783383,79.7402778067018,1014.7601812936877,3.944762785700353,0
2025-01-12T13:00,28.624019146536444,40.43846331597301,1006.0732441679306,23.53744551655153,1
2025-01-12T14:00,-0.908601428,74.92797393792979,1016.651972206962,3.5883048412350247,0
2025-01-12T15:00,25.305116228232663,26.15561428714421,1008.7825246773234,28.59740964587758,1
2025-01-12T16:00,38.36710137690264,33.810661194044805,1009.8371158320915,11.933891195751343,1
2025-01-12T17:00,36.24588620175315,22.90456192961656,1009.9168614039273,14.21056976881226,1
2025-01-12T18:00,-0.655960172,91.36042060992342,1011.0063747852354,1.419719897609939,0
2025-01-12T19:00,15.983462308900059,70.1145976797575,1017.4090405615207,1.0189238806601353,0
2025-01-12T20:00,14.59479461213493,86.6267954239605,1017.609907600281,7.457337827312322,0
2025-01-12T21:00,29.804481137451138,47.19959890855996,1006.1542891503293,10.821647299111106,1
2025-01-12T22:00,10.193817077391314,77.36056942498634,1013.910328691274,2.195539232298019,0
2025-01-12T23:00,2.2359880404871983,84.03043637454631,1014.1119047586949,3.3028466750208443,0
2025-01-13T00:00,-2.130778203,95.80419080048304,1010.676684,5.4353821734264605,0
2025-01-13T01:00,38.71876652832621,22.731089448363253,1004.131944788028,23.591036731453677,1
2025-01-13T02:00,29.78975320032061,27.566072064779927,1009.2329950826993,26.923877323087467,1
2025-01-13T03:00,35.666827255229286,21.55898294393541,1004.5825331476505,14.835290149593632,1
2025-01-13T04:00,39.12211356259098,25.232278013344985,1000.9142199181714,21.01063361192451,1
2025-01-13T05:00,9.567861233617037,94.37421463132515,1013.0574395744729,6.725072626736491,0
2025-01-13T06:00,4.79648432970065,96.87024332856336,1015.0780506395878,0.18124041045729733,0
2025-01-13T07:00,8.608622190858027,77.01222376110233,1018.2006750205564,4.981299435480424,0
2025-01-13T08:00,25.719365986554816,43.262285437774835,1007.607048060439,21.43657542365382,1
2025-01-13T09:00,10.31989588841276,98.15446474642464,1010.7680304831442,5.506633794408515,0
2025-01-13T10:00,3.9188331673397325,78.42803529062142,1011.4092422497476,0.7455064367977082,0
2025-01-13T11:00,15.722084147065235,82.92662570985418,1016.1714498660403,1.6704190790094986,0
2025-01-13T12:00,37.21575881003622,31.463704833799195,1001.9668819731282,15.997951859890724,1
2025-01-13T13:00,9.34874665172526,81.78685326679538,1015.8325239231256,7.87371958149273,0
2025-01-13T14:00,4.580384148681292,76.48998332892481,1010.4836271104878,8.263408109501867,0
2025-01-13T15:00,-0.686903076,87.03922891948241,1019.3831572865132,9.835672065136631,0
2025-01-13T16:00,37.46868707634914,43.003050690150076,1003.7681062777422,10.00482009370269,1
2025-01-13T17:00,35.11288174922501,44.1278346313535,1003.9805484067894,26.060910493517596,1
2025-01-13T18:00,17.652176512031513,70.36470314432161,1010.5183579911973,2.876327290436782,0
2025-01-13T19:00,36.271349762969535,48.24003178360705,1003.6340393199943,15.511335526183569,1
2025-01-13T20:00,25.055794912270887,27.24518680568184,1003.7995995225975,29.61296439128099,1
2025-01-13T21:00,29.98640038261548,29.465995419894064,1003.6679832064627,25.33191889424103,1
2025-01-13T22:00,25.212949517075856,27.728959962905876,1006.9290891102477,29.90843025850912,1
2025-01-13T23:00,25.10473392820522,32.104429070809985,1008.1886927052047,26.550473879076343,1
2025-01-14T00:00,33.96712020102271,39.942176147325384,1007.0109758736427,20.0927457595487,1
2025-01-14T01:00,32.047064821730224,33.66396716019085,1003.5677049034925,20.074388691799125,1
2025-01-14T02:00,-2.96925913,99.7774538646329,1019.8842099396348,7.938181039080396,0
2025-01-14T03:00,1.8980673595136714,93.05743992739606,1016.9235430615441,6.253301699544539,0
2025-01-14T04:00,-0.855636496,98.37094441000846,1016.6902233732911,4.1176554158450855,0
2025-01-14T05:00,14.11101820188761,82.29013160127978,1012.6023659798523,1.6046261427122643,0
2025-01-14T06:00,33.78481503143199,20.254867358216284,1007.1301429186174,11.058718711376365,1
2025-01-14T07:00,3.1732904084519777,74.46664150997334,1018.766507618282,3.683095305068483,0
2025-01-14T08:00,9.890968515196107,84.14728565650475,1013.4886826654299,8.306194077877292,0
2025-01-14T09:00,0.7113685332824682,99.89001748170226,1016.5032568634693,6.802282424312914,0
2025-01-14T10:00,16.176520674597487,70.70784893936587,1017.8319841329862,4.579957590035715,0
2025-01-14T11:00,28.08822982267482,30.574431408300534,1001.2985701341788,27.172002139649965,1
2025-01-14T12:00,26.250685806531393,47.85523255831336,1006.6703685712536,16.91240337801579,1
2025-01-14T13:00,31.87777843280523,36.93771916800391,1006.7906660449564,29.938988348233394,1
2025-01-14T14:00,-1.129284685,98.34208776349239,1018.8299382482977,5.875858711094018,0
2025-01-14T15:00,11.663049417325873,72.40317179828807,1011.6336675839842,2.0229394915820365,0
2025-01-14T16:00,37.854251948040826,40.5262722556546,1002.0351110833188,11.195245483567689,1
2025-01-14T17:00,19.22194638214229,92.48955495228773,1017.5826319592902,0.22123551528997254,0
2025-01-14T18:00,31.130493434064007,34.000494674925925,1000.3756622954398,20.761893282422225,1
2025-01-14T19:00,-0.247308755,93.7778534886515,1019.4370159282022,5.214596387214719,0
2025-01-14T20:00,28.326692379003195,43.414134151404646,1000.8006340252897,10.19938469469037,1
2025-01-14T21:00,26.58475518173396,44.38552914610273,1006.1828502101372,24.06554455464903,1
2025-01-14T22:00,4.363502971184062,98.52142919229749,1015.9865848419704,1.5599452033620265,0
2025-01-14T23:00,9.428064650958019,80.71363477901508,1012.510013832623,3.5857846152487314,0
2025-01-15T00:00,38.811562744541135,49.05257391501223,1004.5820480525222,23.4721966399339,1
2025-01-15T01:00,38.213427408171285,21.488177250484483,1004.6503633422091,24.87810374604304,1
2025-01-15T02:00,26.776925576417227,20.409195375076433,1006.9799047149779,15.915056692406589,1
2025-01-15T03:00,32.3943545748379,29.904678509468134,1009.534028793821,15.953005551365608,1
2025-01-15T04:00,17.70046363554156,81.88937876494661,1011.4346945701802,4.327714843418189,0
2025-01-15T05:00,18.018491258565884,71.20177357152083,1012.075409362057,9.084345518793754,0
2025-01-15T06:00,-3.914686679,88.99454126782067,1016.0161182014633,8.842064633484078,0
2025-01-15T07:00,8.771434265228482,72.6096027973423,1013.7268851701232,7.234201136885849,0
2025-01-15T08:00,-2.93157911,84.53613985240032,1015.6340836448386,1.3714848815274316,0
2025-01-15T09:00,4.98796961467337,79.80384117573333,1018.2655107419147,1.0445451810015138,0
2025-01-15T10:00,39.357022488096945,32.813151360810295,1008.9795521618502,24.145578238113345,1
2025-01-15T11:00,39.004230667526414,46.02063917346074,1007.7837190454549,29.41809422899739,1
2025-01-15T12:00,19.621029974058363,95.16694259337802,1019.2084188261737,5.188380571260721,0
2025-01-15T13:00,26.725164052421466,40.84462189615162,1009.4498478555585,22.85666781631476,1
2025-01-15T14:00,6.2592734064546285,92.68489986685738,1016.6491172448722,9.271778194794527,0
2025-01-15T15:00,4.878443581607964,71.18378598672697,1015.4302458395766,9.640288471655138,0
2025-01-15T16:00,30.964524785991294,30.089381825148667,1004.8064802831241,22.635496873055107,1
2025-01-15T17:00,0.23373308341775711,81.11416308374146,1016.1825477153029,4.625347161331479,0
2025-01-15T18:00,2.8336979396285784,93.66797415328021,1014.3381741957653,3.7731805396319285,0
2025-01-15T19:00,8.531664466902757,98.88976011576983,1016.3262189313394,1.0250972799067926,0
2025-01-15T20:00,8.032401191353474,99.2804146983764,1010.1694766488959,8.071555373648826,0
2025-01-15T21:00,3.980218674567258,94.70656679835457,1014.773503981224,3.6255979655909454,0
2025-01-15T22:00,12.73302071181524,75.01963912003181,1015.8377278051411,0.42422298206891695,0
2025-01-15T23:00,-0.812935444,73.13703521003201,1017.0647572648691,9.362122462436899,0
2025-01-16T00:00,3.6879698828438663,71.51048580908059,1016.9201125594666,2.265216260361057,0
2025-01-16T01:00,29.498940962095993,34.229259946052906,1003.5479728965639,11.14783687376547,1
2025-01-16T02:00,0.5192403197190103,72.47143136847528,1016.5451121428114,9.508635622504103,0
2025-01-16T03:00,18.360825968836036,90.67262961244688,1015.5619069263001,0.1620039733946721,0
2025-01-16T04:00,15.196148548531465,92.86855404329847,1014.3558331481294,1.2020905537060844,0
2025-01-16T05:00,16.278416787921422,79.50766015468832,1015.5680126245835,6.96029796674973,0
2025-01-16T06:00,35.15951029503489,41.07888729313747,1005.3133995323661,29.074072529834158,1
2025-01-16T07:00,-0.134437204,81.03278052631869,1018.2753789556688,7.693048936413398,0
2025-01-16T08:00,17.024325140991436,96.48744449556166,1012.1123183147294,8.860934353132082,0
2025-01-16T09:00,38.064513997938136,30.27002247382972,1005.6135582418934,20.556242165912415,1
2025-01-16T10:00,18.36090067013786,80.54868061718904,1014.8587175918633,2.8487290196192285,0
2025-01-16T11:00,26.096276365392253,28.20999154764373,1005.9625857523271,10.14715659250829,1
2025-01-16T12:00,1.724835110877442,93.92677301911564,1014.552201490818,0.7244688779455888,0
2025-01-16T13:00,5.275711745167618,95.19583908600161,1013.5342137930272,7.805255152438618,0
2025-01-16T14:00,9.947499470277128,97.6562270506935,1011.9598286241915,3.2533033076326436,0
2025-01-16T15:00,37.2694524152373,47.89765289436994,1006.6146620532365,11.970937028258849,1
2025-01-16T16:00,13.878340436129896,87.59871754850988,1010.8018675681211,6.300931268616634,0
2025-01-16T17:00,4.077057409965878,89.37751723994803,1013.5609672589785,6.057748193568871,0
2025-01-16T18:00,38.10087186863829,31.849708116470975,1002.0728252254974,16.33368712033852,1
2025-01-16T19:00,34.82360684721789,33.282077831193746,1002.459997403068,19.647124171655058,1
2025-01-16T20:00,12.756069965582789,79.43050339551245,1018.2163689771047,3.577982653254418,0
2025-01-16T21:00,16.77422809365214,91.42260796397284,1013.394501925428,0.8011484638467514,0
2025-01-16T22:00,29.86759973753421,48.353673462346606,1004.6086873526965,13.243667448157549,1
2025-01-16T23:00,16.429481424968824,97.184297642973,1019.8352147271522,2.0201566840249,0
2025-01-17T00:00,-0.347464554,94.07929929387132,1014.8296887208536,0.8060151375712465,0
2025-01-17T01:00,30.06621995102271,32.553484915263745,1004.7675387550833,10.58341337148149,1
2025-01-17T02:00,33.98948930509583,35.41123565645914,1000.0646435778971,15.712519771244862,1
2025-01-17T03:00,2.524089173670406,91.24516265935844,1015.8217046017627,6.209155177674771,0
2025-01-17T04:00,35.98435851138544,43.308391651775636,1002.1563976272585,19.657888731971973,1
2025-01-17T05:00,37.63831752197772,30.865448083824546,1004.708164193659,22.0337321724093,1
2025-01-17T06:00,16.285623943627392,76.25531543072007,1011.1636639788547,3.806232934765801,0
2025-01-17T07:00,-3.265967478,73.0233400413228,1010.9444296075593,0.7118864846022899,0
2025-01-17T08:00,37.638073440979554,35.02629817668797,1000.9737672910801,22.76448830081223,1
2025-01-17T09:00,13.314302430256259,76.4482113577227,1012.6226404429982,0.5142581348425035,0
2025-01-17T10:00,25.590428197295942,20.655401359586055,1001.3443342736955,22.11793630358966,1
2025-01-17T11:00,12.118279313846983,74.87850818034674,1018.2253724292317,7.2571950838836,0
2025-01-17T12:00,-1.1376949,84.61796062300152,1015.9691069054666,7.694488940820471,0
2025-01-17T13:00,-3.735672404,82.78363713856692,1018.0564880536334,2.260790710105627,0
2025-01-17T14:00,36.93316587889972,34.31439127967148,1002.355659345945,27.19005951249796,1
2025-01-17T15:00,26.19467693552149,32.8880823034564,1003.287459883496,22.875412162024894,1
2025-01-17T16:00,3.1349924539816936,92.39474215354073,1018.4922341049418,5.683086033354716,0
2025-01-17T17:00,19.086998686858188,73.24133678129222,1015.8556372879331,0.860321570329432,0
2025-01-17T18:00,30.724247486637026,43.25703616697168,1006.276688771588,12.92042038593925,1
2025-01-17T19:00,28.503510416029165,22.04559859296388,1005.5554956988562,18.34789564658296,1
2025-01-17T20:00,28.953272192451667,28.37391412322809,1000.2464440463632,24.506527814717565,1
2025-01-17T21:00,27.501810027755113,43.92261661824993,1000.8613577154904,13.479547990436071,1
2025-01-17T22:00,36.78712726366525,33.87370451195444,1004.8637210082514,25.701437231270255,1
2025-01-17T23:00,-2.167412382,82.10803007084773,1017.0455442802745,3.4652416795271823,0
2025-01-18T00:00,-2.029552093,73.52578740331315,1017.4604487926542,9.621725484745419,0
2025-01-18T01:00,25.738313718111424,26.932425586234885,1002.5619151443935,12.762505862804945,1
2025-01-18T02:00,35.57561359530389,42.25933188541958,1002.5231473613516,13.3771692674079,1
2025-01-18T03:00,30.033358025449857,49.280604725734825,1003.2937806703421,26.94593491070988,1
2025-01-18T04:00,27.283423208753003,40.0012656618937,1005.8577827093105,18.914596418057386,1
2025-01-18T05:00,2.657837469455317,93.6695547976238,1017.9838034051835,8.575623376612837,0
2025-01-18T06:00,33.16691998223753,25.053216533957457,1009.849291084415,13.942120776473043,1
2025-01-18T07:00,26.322133650861883,32.40996570749621,1006.9340085342905,15.55782251975512,1
2025-01-18T08:00,34.561037218138324,44.05477699626545,1003.6166608319504,27.518660443724098,1
2025-01-18T09:00,33.989162767353875,44.22433806955727,1003.9729129294591,21.389647762731837,1
2025-01-18T10:00,31.913475073098727,44.86126951454019,1007.0938882182438,26.777077238081375,1
2025-01-18T11:00,15.65161711370714,90.19276392733651,1013.9699216220747,7.379509473975921,0
2025-01-18T12:00,10.838242769022367,86.07324052224276,1018.3530249558924,1.8651851039985423,0
2025-01-18T13:00,33.432171307413775,36.5811167013662,1001.2613765801615,15.377230899580132,1
2025-01-18T14:00,8.86717561970918,94.77796925650048,1017.844054732128,4.141410682156662,0
2025-01-18T15:00,34.01188224009429,41.0259709173164,1006.3077042017262,19.64034679553865,1
2025-01-18T16:00,15.8232428893557,86.20889595370922,1014.3130170634101,9.150607325172224,0
2025-01-18T17:00,3.0290538158988376,76.6033397771426,1013.7253327375955,3.6957419942677316,0
2025-01-18T18:00,8.588821527849715,97.19416332893641,1011.1689804070836,6.277080530714178,0
2025-01-18T19:00,14.307959793390982,85.6049050333598,1015.5190683877448,8.76653602658345,0
2025-01-18T20:00,37.48586562552862,49.748730288836846,1006.9177763914198,29.59910894716557,1
2025-01-18T21:00,-3.558810445,80.2734393650414,1019.6641738586641,3.4727703903050755,0
2025-01-18T22:00,2.382262351198582,76.97152969168144,1018.0348274329689,4.051026945275664,0
2025-01-18T23:00,5.394377588083048,82.86833000290433,1016.9642980703611,1.7169390770544957,0
2025-01-19T00:00,3.922149379277755,80.61367476209308,1017.8929284831969,9.137884438732593,0
2025-01-19T01:00,2.398300735915403,89.91473424558176,1010.504167736022,5.768812013112084,0
2025-01-19T02:00,9.338223786389332,98.681414308358,1011.0926421030962,4.391498166337483,0
2025-01-19T03:00,0.7199541372905616,72.30939729486379,1011.61221287254,8.08120379564417,0
2025-01-19T04:00,19.81208755395938,97.81002903772887,1018.4203329437643,6.2358568800275975,0
2025-01-19T05:00,12.719141380728857,70.25091045630572,1016.6168428839985,0.05313475668345946,0
2025-01-19T06:00,27.53250409978855,44.654043777626015,1005.9672299010622,15.250172085330881,1
2025-01-19T07:00,26.564696310278233,24.365464483620777,1005.2818926175636,12.134236382047085,1
2025-01-19T08:00,14.41776392387953,71.96098472693156,1010.3361360018329,9.06437453344411,0
2025-01-19T09:00,34.35257966871006,23.938639160144728,1002.0179494825246,25.208001345749654,1
2025-01-19T10:00,27.641339319157808,42.2999874069697,1004.5416747016776,29.641547572712618,1
2025-01-19T11:00,35.039024376262525,33.4425646184923,1002.042564679364,17.174850210857773,1
2025-01-19T12:00,27.425418299109804,48.97496959154998,1007.4156610846683,27.689574551935184,1
2025-01-19T13:00,25.57601315989517,31.047503221853994,1004.2073656256862,28.19860316319437,1
2025-01-19T14:00,31.082075144956278,49.522683918995426,1002.9481723834676,21.291881625806433,1
2025-01-19T15:00,19.694638005372184,74.093192576702,1014.0431876810429,7.175977656581763,0
2025-01-19T16:00,25.210217762890856,37.00575299882284,1006.6594716608047,10.2656240691716,1
2025-01-19T17:00,32.354687341147425,45.40355005609236,1004.0351999244021,19.838560480782586,1
2025-01-19T18:00,32.689228661548,28.726305626947475,1008.5785778351749,13.853527929734007,1
2025-01-19T19:00,28.470230698002258,24.09113315088375,1000.5533238716334,10.184017952507588,1
2025-01-19T20:00,3.8829937118471918,90.21982624437192,1012.1050693966534,1.4692192358377076,0
2025-01-19T21:00,5.172699018071766,96.12260351011777,1015.6701626098667,8.78515561301348,0
2025-01-19T22:00,17.572374879799682,95.56791623173544,1015.9322157010738,1.8533017952871444,0
2025-01-19T23:00,38.43723597340292,23.10425190939754,1009.0698551843824,29.3665392019851,1
2025-01-20T00:00,25.464559051337652,28.24686974771263,1004.203353891955,29.653048229871384,1
2025-01-20T01:00,37.79927197850803,45.68460865983981,1000.9072088274783,27.49532125107987,1
2025-01-20T02:00,14.450631078616329,92.82553992792344,1010.8838494698451,3.683472137943513,0
2025-01-20T03:00,2.040401052640793,98.90080961338114,1017.1604997324215,6.226895409497974,0
2025-01-20T04:00,1.1489432096127032,74.82044119778666,1012.8509516869385,8.967654246264251,0
2025-01-20T05:00,9.198630763815737,97.46464892764126,1016.9742026724684,9.243961953765304,0
2025-01-20T06:00,28.912738689431333,20.27261104853649,1005.110938214724,29.339370292366308,1
2025-01-20T07:00,28.20605031972866,25.90860890626164,1002.2777834161781,17.429266786689432,1
2025-01-20T08:00,3.3819762519573935,72.0104961325363,1018.1697390727184,9.379652314338943,0
2025-01-20T09:00,-4.540233086,97.42896419681497,1015.7651647551426,5.541780025157934,0
2025-01-20T10:00,16.551066274732836,95.33648195605211,1018.2891547415068,5.96269878482053,0
2025-01-20T11:00,12.276395318481544,78.14899543823108,1011.8463245734737,4.299576197798217,0
2025-01-20T12:00,25.003405573273835,47.45004613242582,1007.4229223148694,12.407271524199722,1
2025-01-20T13:00,-2.753078707,88.02736016977258,1019.1726806657769,1.4328145870264108,0
2025-01-20T14:00,-1.86284258,93.18314258995238,1016.7739312988888,9.291447172116873,0
2025-01-20T15:00,13.43753120274371,83.56653822669422,1014.5243951613269,1.763869865062233,0
2025-01-20T16:00,27.34497157589258,33.111011763493124,1007.435442696373,17.762661620044987,1
2025-01-20T17:00,-1.186523927,87.2886508050044,1014.2413067130238,9.343670147690148,0
2025-01-20T18:00,-3.585358596,81.21763141038441,1016.4173439729856,6.322821536376399,0
2025-01-20T19:00,39.70706196674607,34.815410442246844,1001.4004481213423,21.571706971858994,1
2025-01-20T20:00,32.655890820230596,49.08318127027635,1000.7091619143857,25.426462864337,1
2025-01-20T21:00,31.74869171628258,45.751201392831874,1004.9903617290408,21.66665819977035,1
2025-01-20T22:00,27.986401299038885,30.43467042299138,1005.448010852761,15.794559674764292,1
2025-01-20T23:00,33.56280904418142,47.28786173332833,1008.106835703376,11.82651468667114,1
2025-01-21T00:00,34.47583627489876,35.562435413441285,1002.3285855687609,16.204705674894093,1
2025-01-21T01:00,-2.866258298,99.90622755537842,1015.9538501732004,7.499604703991778,0
2025-01-21T02:00,-2.302714325,70.94287557060203,1013.1435598107632,9.07566473926093,0
2025-01-21T03:00,6.4607856032859505,91.75018228897356,1016.6721233719418,8.622029736581888,0
2025-01-21T04:00,36.74742146385546,23.674935858979676,1001.2384602670581,28.18859007371753,1
2025-01-21T05:00,-0.564011406,92.51844254922575,1019.9050514200068,3.720180857927832,0
2025-01-21T06:00,15.361712064723395,78.45564324320199,1016.9673716536415,8.77472013527053,0
2025-01-21T07:00,3.633548806122196,80.06831362809528,1018.5653722374793,7.270567616153901,0
2025-01-21T08:00,3.5311956906539095,81.40586856357571,1015.8017236922733,6.079050927934446,0
2025-01-21T09:00,3.8859834341015436,90.076570897746,1014.1838953337833,5.937806319434522,0
2025-01-21T10:00,26.569909508618444,44.679437815816684,1003.9408364851004,18.00310545730798,1
2025-01-21T11:00,36.726697388930894,34.52519096490222,1005.7648890313986,26.199574873669448,1
2025-01-21T12:00,31.498763984635417,43.99075586008374,1004.263182939907,16.329375681229973,1
2025-01-21T13:00,0.19715637865068292,70.79596611621459,1015.830415609697,8.926717110769749,0
2025-01-21T14:00,6.478100582167022,79.0985767254785,1011.1864376574158,6.838664518353433,0
2025-01-21T15:00,0.6664100556747004,80.64988917495812,1015.1905979090827,8.003565078223616,0
2025-01-21T16:00,3.3600294747187167,81.83716945956772,1011.6136735838838,8.054323292999863,0
2025-01-21T17:00,-4.828050945,76.37341831586419,1014.1119748888254,8.845868882296138,0
2025-01-21T18:00,28.007035716495384,32.403973001304806,1008.7656049078872,19.11321643106184,1
2025-01-21T19:00,30.39008485773681,34.260772030426054,1006.410060573207,13.278405240938898,1
2025-01-21T20:00,25.780356325441705,23.40938116090158,1009.9946068105967,25.734460294670818,1
2025-01-21T21:00,-2.397258765,91.73016451386223,1012.741606665598,0.8565824959643054,0
2025-01-21T22:00,10.59996213822456,78.20921253582316,1010.8227232427706,3.0646346804282034,0
2025-01-21T23:00,25.98838247547959,25.73867470089543,1009.369492539087,23.28148242399668,1
2025-01-22T00:00,34.393889119936404,40.07160545950843,1009.4577649724635,25.493458743635966,1
2025-01-22T01:00,37.40737222641435,32.750072423695926,1002.6503491814054,18.98296405464425,1
2025-01-22T02:00,36.15029343355019,41.6999091198189,1008.3607890079528,16.023511739947175,1
2025-01-22T03:00,12.8775040320925,87.79474657118405,1014.5476434255266,6.775316138836846,0
2025-01-22T04:00,31.773205342261367,32.24060273855243,1002.4986746525793,27.54978483462976,1
2025-01-22T05:00,29.302699684708,28.41365194280166,1001.6406358826533,25.856800905470543,1
2025-01-22T06:00,12.556469150791607,99.7845051699721,1012.7473152551952,4.218281785388314,0
2025-01-22T07:00,30.28490581378809,21.293003268449723,1003.9221779343354,12.823981270743698,1
2025-01-22T08:00,3.3512491417192294,91.98097151770841,1010.6835320030996,2.85758324592706,0
2025-01-22T09:00,3.0800733005188814,85.56371865230098,1013.636296023793,9.624472949421111,0
2025-01-22T10:00,13.547408173967877,95.45276137271574,1013.0293090564043,7.126213330985128,0
2025-01-22T11:00,39.62866802925938,48.97311331652861,1008.1110456630532,14.270749557679029,1
2025-01-22T12:00,-3.573631971,78.465612240796,1012.46978799072,2.495461998495061,0
2025-01-22T13:00,11.271934226179855,85.98873359654006,1013.330019130582,9.941393612211675,0
2025-01-22T14:00,34.857964924600935,33.170877319413435,1009.2011381332263,10.57993488671896,1
2025-01-22T15:00,17.177160606627933,93.39626637572871,1010.8413996499505,8.985541885270793,0
2025-01-22T16:00,11.923519574920935,95.13725124555411,1017.4835585366574,6.105467550154246,0
2025-01-22T17:00,26.08319778002782,40.53306083207922,1007.6514884986126,12.987632724528641,1
2025-01-22T18:00,34.93557789869131,24.74849152098121,1001.2818807281046,14.944121474777535,1
2025-01-22T19:00,2.4322697576833407,72.76200958247426,1016.2364877829027,2.674020278575413,0
2025-01-22T20:00,0.7845159094212004,85.07281861499129,1019.5811800891944,8.861817721293452,0
2025-01-22T21:00,36.240541549674354,36.37087906439078,1002.9191117349781,19.652024713230414,1
2025-01-22T22:00,37.75476562236398,26.385502581150725,1005.4287813236081,12.50177819672807,1
2025-01-22T23:00,19.212219439859595,93.96142574963724,1019.7997032935885,5.824226582072464,0
2025-01-23T00:00,37.76279135983143,28.58405127374943,1003.1416206383698,10.668471448710076,1
2025-01-23T01:00,4.059847477915827,87.4176505083413,1010.1309445658833,1.7803596686975143,0
2025-01-23T02:00,39.29680171591207,41.57735601727495,1005.2758797327217,11.05653372729444,1
2025-01-23T03:00,10.697509737272695,72.45277095846616,1019.2087240053181,2.7687764814720373,0
2025-01-23T04:00,34.93348237494389,41.459669315874066,1003.1566848116406,23.11019943692225,1
2025-01-23T05:00,8.06441498341863,78.98697033861622,1015.0062426807042,7.070864772666981,0
2025-01-23T06:00,28.141100709249002,20.35339628859926,1002.8107388544512,13.533646283526103,1
2025-01-23T07:00,7.852386063781493,79.25404844468451,1013.2521119627621,2.7199860534435603,0
2025-01-23T08:00,7.870433848242255,80.77700108199298,1011.6352387258502,9.694123223352875,0
2025-01-23T09:00,19.55946542271516,73.36116706504157,1019.6947043327536,8.1707207094928,0
2025-01-23T10:00,33.43166323934844,20.17594183661484,1008.8125806776301,24.136071924210103,1
2025-01-23T11:00,11.037612031406294,77.79484413820899,1018.9568994426662,2.2999375396324053,0
2025-01-23T12:00,4.966575694307828,74.39121976486747,1010.6817230938549,1.3516628915482276,0
2025-01-23T13:00,-1.146373921,86.61134456074033,1017.6190181260487,4.404413503124241,0
2025-01-23T14:00,19.602757975912446,90.03759996410881,1011.6595489529578,4.2748968792061515,0
2025-01-23T15:00,9.150460622195524,96.34100538533372,1019.5979102040485,0.9800768478074107,0
2025-01-23T16:00,14.969580894341636,99.93802331600013,1017.6718828893113,4.798756203039089,0
2025-01-23T17:00,32.70813752167351,26.947489738669983,1008.1030329912334,19.373032739927705,1
2025-01-23T18:00,39.34437822270042,31.300293212883872,1000.6243132727778,12.180272312818573,1
2025-01-23T19:00,30.515627621913147,23.0185993166777,1006.6373436069393,15.724486144799886,1
2025-01-23T20:00,33.697443640715875,28.476508025559166,1004.0496858737619,11.099326136796442,1
2025-01-23T21:00,12.081469091489897,72.283925784709,1014.9514652701397,5.924077846595176,0
2025-01-23T22:00,17.149443705904677,88.47589564546914,1010.2440078155654,0.21269410850387138,0
2025-01-23T23:00,6.293486899536095,80.64185670190638,1011.151461783952,4.1482565552135195,0
2025-01-24T00:00,34.760865765007004,46.004644570654676,1009.1979257177943,20.88252003926202,1
2025-01-24T01:00,16.65159723751021,71.35656010318569,1013.7646336687804,9.872761293149445,0
2025-01-24T02:00,30.67037424151603,23.088384341008584,1005.0388879679127,14.978870495937455,1
2025-01-24T03:00,29.58120247814127,24.72983080390724,1007.6075930838695,21.15620251470869,1
2025-01-24T04:00,-3.338416856,92.99545148597754,1017.8195997715796,8.03002071957837,0
2025-01-24T05:00,7.139742491484945,70.82610159608396,1019.6401740711771,0.38996012574911587,0
2025-01-24T06:00,10.795930304244981,83.4533656593496,1013.2866454536992,7.5237452943768,0
2025-01-24T07:00,18.019165211583932,87.53346729272278,1012.6885351438219,8.953460891531693,0
2025-01-24T08:00,15.038427797074739,98.787299329631,1011.097361986775,4.543773345599609,0
2025-01-24T09:00,28.055760899164998,30.211545130326474,1002.9606551003894,13.307408510263718,1
2025-01-24T10:00,31.224966375561316,29.808263007640846,1009.3044860054503,29.909672214664397,1
2025-01-24T11:00,37.27540962092825,25.150345851296507,1006.9287842769666,23.990557408051437,1
2025-01-24T12:00,8.966059911260635,80.29502059517975,1016.5229164859194,6.924928266692253,0
2025-01-24T13:00,6.251465985655631,80.12362836892687,1010.8352491468002,7.524683375864943,0
2025-01-24T14:00,25.527388754067914,29.69435651838252,1005.5171237201997,18.946055125052013,1
2025-01-24T15:00,19.783197539105515,86.33446998400788,1010.7560504061676,2.253812680067658,0
2025-01-24T16:00,11.900657201313688,91.1988960963613,1013.1290739421365,5.976682827027031,0
2025-01-24T17:00,32.78406046397135,38.17278468076916,1005.8947080309325,21.46803251795408,1
2025-01-24T18:00,6.565573918482908,96.04817516225141,1017.4270652119998,3.4593499254696294,0
2025-01-24T19:00,-2.712829065,96.3238258789114,1011.295149212828,9.556514982297534,0
2025-01-24T20:00,32.55537641856167,25.478753907593035,1006.3740461226118,24.76591020956615,1
2025-01-24T21:00,14.42867289818592,86.75212749207415,1019.0635438509473,4.926251042908591,0
2025-01-24T22:00,17.042265296087702,94.42377056773486,1011.104318634111,3.0980687532246898,0
2025-01-24T23:00,32.016373464363696,49.04217508729035,1008.1116260387913,19.3571892526832,1
2025-01-25T00:00,-1.437611427,84.96664460354069,1017.024649705441,0.09770847419183659,0
2025-01-25T01:00,12.54345684693143,86.69393912046466,1019.1133919007863,3.1577315124949603,0
2025-01-25T02:00,-0.612709315,87.03181953793164,1014.8962446205024,2.2982672579761845,0
2025-01-25T03:00,37.65593189065386,33.141322277161514,1005.4647636102537,25.132930987047978,1
2025-01-25T04:00,3.289117476679845,95.65090604859805,1010.7115828517343,9.407845205031078,0
2025-01-25T05:00,-4.585304277,85.36279174897842,1016.4517279040945,6.90937738102466,0
2025-01-25T06:00,25.803648394111118,24.21497029386552,1002.0782384145883,20.89763372058787,1
2025-01-25T07:00,35.805000537489896,47.54855106139873,1001.9127737103739,28.161673741197088,1
2025-01-25T08:00,34.623695218650916,20.702988661021646,1008.7500869974397,11.891126895487766,1
2025-01-25T09:00,-4.127211184,86.53479885749115,1018.391803949803,0.24971662117049598,0
2025-01-25T10:00,27.336598908702552,36.41136036846733,1003.7736317679665,10.796228788915077,1
2025-01-25T11:00,25.599219599291416,30.868804700006145,1007.0149910146516,11.102030703176622,1
2025-01-25T12:00,-0.669953252,83.01554947713919,1016.1585009805221,0.4530400977204452,0
2025-01-25T13:00,-2.607136112,70.70915758139009,1016.0709403608878,2.3194709611597544,0
2025-01-25T14:00,17.951913804978766,78.40111988651468,1012.922182304619,7.5396190359678394,0
2025-01-25T15:00,29.018103742261612,38.120149932185,1009.9890469976308,18.094117486583404,1
2025-01-25T16:00,34.19674358603862,24.716116506708627,1005.1836546333532,22.536658088301344,1
2025-01-25T17:00,39.080789529667946,44.15280130398578,1005.5054530061999,16.070078182959044,1
2025-01-25T18:00,25.080234830413342,42.447164185427,1001.3972056697895,18.491452143719112,1
2025-01-25T19:00,14.336828142165015,73.9262098215505,1014.5378954138364,0.7349674733001266,0
2025-01-25T20:00,6.233743550991052,87.57594365360558,1010.7177580622651,2.419316803155296,0
2025-01-25T21:00,32.36529644003365,29.62200746934714,1003.094695490886,18.22226833989697,1
2025-01-25T22:00,38.86962686692955,21.686728845529167,1009.1280080040787,20.92814148424264,1
2025-01-25T23:00,30.275647269382127,36.304532857490436,1007.901313737261,23.540756297640204,1
2025-01-26T00:00,7.236319006939075,99.56951362331802,1016.7213554740588,2.3763754399239967,0
2025-01-26T01:00,9.143299099894776,78.01084810508264,1017.9742602160693,8.505817290942419,0
2025-01-26T02:00,5.630704635942347,71.12713271196722,1017.6554675051586,4.165658284822921,0
2025-01-26T03:00,-4.808399184,76.57206427305573,1011.0802575413069,8.025856795798129,0
2025-01-26T04:00,31.28385437189378,35.51816509262932,1009.8457589637611,15.708081369268449,1
2025-01-26T05:00,27.15531437776319,41.29799220302739,1001.4383447099032,26.163140980484254,1
2025-01-26T06:00,-1.199378672,71.84048881332005,1014.5980042376932,9.948663171697671,0
2025-01-26T07:00,12.407219396953494,80.19624891304198,1010.6535634079894,5.394912923753372,0
2025-01-26T08:00,34.39082063471202,22.258361499550208,1000.4930898710983,12.713229343207555,1
2025-01-26T09:00,35.56047178887485,26.523587966517077,1003.9091742684117,29.093327137581376,1
2025-01-26T10:00,6.6301403070929545,71.80427027802355,1019.5762528450538,6.900048908206657,0
2025-01-26T11:00,2.332715269514117,93.19425621756014,1013.4809559316828,0.013536257154681541,0
2025-01-26T12:00,26.33514602344013,35.345769224284794,1009.041136604795,17.33275400192913,1
2025-01-26T13:00,32.681328650479955,48.22070563169695,1003.5223097507074,17.921089548709332,1
2025-01-26T14:00,38.72708230607344,45.635463077322484,1000.5233285730067,26.910216216811207,1
2025-01-26T15:00,32.33426389657678,32.222236440640565,1000.5592635012822,11.05651787817205,1
2025-01-26T16:00,31.029278869228293,45.3723463497729,1006.5462119351546,21.723647081766828,1
2025-01-26T17:00,37.736470299380144,31.50191423174777,1008.3644219246987,13.783915847807098,1
2025-01-26T18:00,28.214077139653895,21.93472041367539,1006.2202947925201,26.3420426600523,1
2025-01-26T19:00,17.388080712405014,81.6760503620249,1019.0538197641927,3.1931363759041487,0
2025-01-26T20:00,27.29414779713139,22.069700261313784,1002.8880996995409,14.819925159918359,1
2025-01-26T21:00,-3.572828598,85.93508584003096,1010.3934354066851,4.521990282834353,0
2025-01-26T22:00,34.63417245260673,21.15084664363924,1007.7787770553688,17.150266568544737,1
2025-01-26T23:00,8.129084591676504,91.27138785167298,1015.673122196289,9.629268752375799,0
2025-01-27T00:00,2.1210123594366905,71.10660842063598,1015.0267902322886,2.7864646423661146,0
2025-01-27T01:00,29.037423564874437,25.958948415856074,1009.09252694437,25.025578487475336,1
2025-01-27T02:00,10.455451582906527,73.03368028368371,1017.0096913145912,8.218600592903563,0
2025-01-27T03:00,33.86130582029597,37.98090655214797,1004.3184369231203,20.330930207785244,1
2025-01-27T04:00,39.432788642377005,47.044575533022474,1008.0354177682643,15.053260043425647,1
2025-01-27T05:00,39.28580128598087,29.86467853545828,1007.5182514595668,28.914994044518604,1
2025-01-27T06:00,31.72241310053503,28.23237894907045,1003.8776432852975,15.371592086659332,1
2025-01-27T07:00,9.516130647740852,98.07811744745678,1014.8127795121924,9.50532820954409,0
2025-01-27T08:00,5.1885757758107705,82.21319467376883,1013.4882053396948,8.082352100092221,0
2025-01-27T09:00,39.23185746537877,28.041415621359132,1000.5535981693841,11.411001274197892,1
2025-01-27T10:00,31.623010155683453,34.718407276945975,1007.0605811463803,15.153912963783593,1
2025-01-27T11:00,1.5039447740512788,91.9246289494219,1012.5653006244424,1.9809763275974013,0
2025-01-27T12:00,-0.118925305,91.67356345784516,1010.2431596643146,1.7711067940704894,0
2025-01-27T13:00,38.10362958639601,42.88397158627416,1006.7074720047177,10.190779080510898,1
2025-01-27T14:00,0.5669019780771238,79.21649251063812,1014.1719341856458,1.7093640242084829,0
2025-01-27T15:00,37.423191368298916,25.11591168181326,1006.5614609184744,19.705614342203965,1
2025-01-27T16:00,16.08315419469708,84.5528397993862,1017.9155820259137,1.834421964034345,0
2025-01-27T17:00,7.812566219258292,94.19210851698519,1010.5195657755427,2.013637821359744,0
2025-01-27T18:00,-2.098183987,71.38007926065258,1018.5546058401101,4.741738290873252,0
2025-01-27T19:00,33.78228907472553,29.46960880946972,1002.2295000855776,18.560387048792876,1
2025-01-27T20:00,3.1127950043835515,78.08535586876818,1016.9464095889373,5.953032659274891,0
2025-01-27T21:00,10.340947574734596,96.9380588033121,1015.8313021909959,3.6482247020779868,0
2025-01-27T22:00,28.558815454857058,27.87900837098221,1007.4404945122858,11.355927916562251,1
2025-01-27T23:00,26.083440224087166,24.423590277985387,1008.1231733271412,25.066258637585143,1
2025-01-28T00:00,27.52354868662738,25.6980423098306,1002.8627986211194,22.904752891066632,1
2025-01-28T01:00,25.56546085634006,31.01508877085068,1001.4810079862713,10.167094083442771,1
2025-01-28T02:00,-4.520193079,77.79439626235103,1011.37109705729,2.152018720172375,0
2025-01-28T03:00,36.2083696763288,29.35109964478436,1008.3784138090551,27.622102967131315,1
2025-01-28T04:00,30.115718092459353,44.099137205541005,1005.1821831563593,10.616492373987406,1
2025-01-28T05:00,38.695622003347836,37.163688911666185,1002.687976150302,14.93714055191466,1
2025-01-28T06:00,36.30499206864372,26.601987643540753,1008.657272371068,18.076220104949986,1
2025-01-28T07:00,37.268562652486594,21.150915840671033,1005.1274989979393,19.943345614353714,1
2025-01-28T08:00,28.281575626163196,29.786615209427946,1003.9375514156541,18.89147002138857,1
2025-01-28T09:00,34.96188608925026,32.797757031631804,1008.4522555816073,23.83011091627189,1
2025-01-28T10:00,0.3918788099429289,89.76656410697971,1016.5123297704149,6.5784530460303605,0
2025-01-28T11:00,32.29587442133341,28.953519834432818,1002.881521357774,24.61029308052653,1
2025-01-28T12:00,-0.507922278,77.12629974771633,1011.8097695270949,4.922778564480348,0
2025-01-28T13:00,36.91994338596834,33.68950461652887,1002.6720989548608,12.949078348522697,1
2025-01-28T14:00,38.403018752476555,31.67799190427145,1004.6236144724774,27.27154006278292,1
2025-01-28T15:00,29.283694243579546,48.8483432676334,1000.9804453811093,11.141981568903528,1
2025-01-28T16:00,6.1501443239488935,75.55398786515859,1018.7294583587641,8.065611478614498,0
2025-01-28T17:00,10.213181817411664,80.48519116260456,1011.5124682873493,2.50966661340298,0
2025-01-28T18:00,36.7411851137708,48.12443517197314,1001.5585153655144,26.84387461746229,1
2025-01-28T19:00,8.540855366521672,89.00434659478442,1011.3935607407283,9.84402180703552,0
2025-01-28T20:00,19.51420567651809,76.44087662390066,1015.9484737950191,0.32443446047186963,0
2025-01-28T21:00,17.560325832152586,80.31873059673056,1016.5866135493977,8.209810172991409,0
2025-01-28T22:00,29.31103800768224,36.73637550733657,1000.8645750712016,18.99166705840525,1
2025-01-28T23:00,32.074395477928924,26.8244481108062,1003.3272947651038,16.860534251800487,1
2025-01-29T00:00,33.26035817042192,44.50380108723043,1007.9266247675162,19.86683176104761,1
2025-01-29T01:00,37.21937584038876,48.08489124652989,1009.502792236114,17.88380989199816,1
2025-01-29T02:00,0.840193776247748,71.26279568909085,1019.8772238973603,3.8432664715968166,0
2025-01-29T03:00,8.84635711003302,99.07907606857297,1016.2939863813526,4.545410647677732,0
2025-01-29T04:00,9.808758214834056,97.37090036850073,1016.2296658356348,7.33113022415281,0
2025-01-29T05:00,16.76672585313794,93.77784439627405,1017.5026576393884,4.583235945875755,0
2025-01-29T06:00,35.99991863075293,20.012308683175245,1009.1594300395406,13.710519505154384,1
2025-01-29T07:00,8.625672972423459,99.54009218573525,1010.4317373579701,1.317287734545619,0
2025-01-29T08:00,27.62177481825049,39.440909541656424,1007.1756138264853,23.468394578228654,1
2025-01-29T09:00,35.960185172925854,35.655868859965366,1001.9201625096795,24.49825493248879,1
2025-01-29T10:00,38.64380042580666,39.01668385497325,1009.090055888357,11.55424836783451,1
2025-01-29T11:00,-4.861947072,94.46384285364502,1017.2900716804098,0.7404465173409036,0
2025-01-29T12:00,25.0060231603801,44.176735075905626,1001.9148961490812,19.697174794322073,1
2025-01-29T13:00,18.871632016579852,92.13690750087305,1016.1172074623436,2.4773098950115746,0
2025-01-29T14:00,11.845972456750115,95.40661673286859,1016.764837495206,6.03150120122947,0
2025-01-29T15:00,33.7990260610684,33.661847157438224,1000.0746314041722,24.361363224017218,1
2025-01-29T16:00,7.656651487380069,89.02312094128993,1012.5439158084184,4.724933550065136,0
2025-01-29T17:00,0.7058840873424774,77.39810904934073,1017.474444065967,0.5784444944716061,0
2025-01-29T18:00,37.85543542495867,32.45321530564798,1004.3778147729962,15.823929099932483,1
2025-01-29T19:00,38.988500630589414,37.26995758992259,1005.8172152747347,18.128330731480375,1
2025-01-29T20:00,38.362482224344504,33.471132811098855,1000.7696918300802,26.42518840745691,1
2025-01-29T21:00,27.865932090195372,43.71540822600943,1003.0166224163115,27.087990266513604,1
2025-01-29T22:00,38.411370538867686,34.93607541542957,1008.0135205827025,14.6016898371495,1
2025-01-29T23:00,8.349186813694095,74.26411371380372,1014.2203426012763,4.86000493797603,0
2025-01-30T00:00,27.345432124673124,42.553944907607985,1002.7466586978791,16.675531941395956,1
2025-01-30T01:00,-0.019618128,96.70645007908523,1013.6778598775616,1.115122123212764,0
2025-01-30T02:00,-3.454788483,72.77081584334135,1015.9521283412688,9.680763814507335,0
2025-01-30T03:00,16.675787403061214,87.3602622571718,1017.2525766041514,8.734232380816605,0
2025-01-30T04:00,35.33918981838755,23.813078413122213,1005.9248299390159,10.873218574260171,1
2025-01-30T05:00,36.43194430675487,48.085296924995156,1001.7478128487494,24.748628828542444,1
2025-01-30T06:00,35.309245066196915,22.87262595990073,1005.6847220215682,25.13077166990613,1
2025-01-30T07:00,30.925800067851938,21.537903775279943,1006.7375622978409,24.97926301720797,1
2025-01-30T08:00,32.74371734800091,24.612479363087544,1007.574690507231,24.183614075888094,1
2025-01-30T09:00,11.1393045356857,71.36755473846006,1018.4216537665038,0.7718753022646796,0
2025-01-30T10:00,0.48034968395110766,99.27595767457393,1011.821179156887,6.587077755008761,0
2025-01-30T11:00,6.307957112957503,89.30733085589574,1017.3158952175534,0.603520839905638,0
2025-01-30T12:00,33.887402187646074,34.47479181582989,1000.1004698105484,19.826608638242618,1
2025-01-30T13:00,31.351582073496886,35.447825265820164,1006.6290625234457,15.158790135738013,1
2025-01-30T14:00,37.974924643116644,29.618597196506805,1002.3936983634204,15.023840092089344,1
2025-01-30T15:00,29.96372148670293,27.448624388925378,1003.8938977966687,23.694503277620093,1
2025-01-30T16:00,18.317762703319033,86.32761898341093,1016.1678360785254,7.379173933540254,0
2025-01-30T17:00,-2.625868119,79.44755333766687,1011.7689695082398,4.4410355690661865,0
2025-01-30T18:00,17.548504918728753,94.20080559084218,1017.5424825968208,5.906378339946378,0
2025-01-30T19:00,14.750760907676536,79.14037417294122,1014.0298017876516,6.9495108890246176,0
2025-01-30T20:00,13.955961892602282,90.88061854161377,1018.1583312499062,2.2381761482262306,0
2025-01-30T21:00,39.470357182426916,22.20690062647297,1009.3755033740733,22.29806029133872,1
2025-01-30T22:00,25.913583148527742,41.046957968088265,1004.0918258745849,23.86755077037705,1
2025-01-30T23:00,3.765673280229519,70.996093263741,1013.969232762016,5.675408482615581,0
2025-01-31T00:00,32.538214100830345,45.45253179291533,1006.0448898225847,27.246698328794633,1
2025-01-31T01:00,18.88336716259821,93.60710158765886,1016.8813470608654,2.5467062204605115,0
2025-01-31T02:00,29.408751407574005,33.38979079959684,1006.9292022922479,14.503220484318637,1
2025-01-31T03:00,17.086619074651516,83.44957166108267,1016.2659251109321,0.1911609442976403,0
2025-01-31T04:00,14.025944756269574,98.52318123194014,1012.9805220863944,7.818238633449356,0
2025-01-31T05:00,-1.469411416,87.12632250518429,1012.7864306311503,1.828377798688171,0
2025-01-31T06:00,14.489611839168834,80.5037577750019,1019.6910263014081,9.27752283195213,0
2025-01-31T07:00,15.651690756313208,93.46084263011159,1010.3616038052476,2.631125699108429,0
2025-01-31T08:00,10.616589221356595,81.45818918958688,1011.2138641815941,7.74633780637788,0
2025-01-31T09:00,-2.896808444,81.79311722678203,1010.165924806326,6.024494419665878,0
2025-01-31T10:00,13.16677480175808,79.142532861584,1012.8152119841493,1.1258039041193701,0
2025-01-31T11:00,6.774006310868337,89.85740897911035,1017.5386808270991,9.043597749938572,0
2025-01-31T12:00,33.92569517385642,22.70587100600733,1000.8963177330462,24.313253041446227,1
2025-01-31T13:00,38.97597137130737,26.206156262668635,1001.4939938845378,19.21165101389333,1
2025-01-31T14:00,36.92609321771746,25.43750766654656,1003.8495872263755,25.665801848777328,1
2025-01-31T15:00,37.30864659000775,28.557330269202996,1007.869757993812,17.387652951651702,1
2025-01-31T16:00,28.295841251655954,33.160150904091466,1007.8395251809784,25.8437987655049,1
2025-01-31T17:00,-1.778253313,80.05356562777426,1011.6075989604831,8.32134177957742,0
2025-02-01T18:00,33.05913510502057,40.31372790447692,1006.2873401505999,10.780128415256362,1
2025-02-02T19:00,14.898159678587561,75.2536942039106,1012.2050426343565,8.740717733051852,0
2025-02-03T20:00,37.039843662283296,27.408962374011875,1009.1082422033039,20.4046097820618,1
2025-02-04:00,29.808448365413867,22.805603707937287,1001.2875443736806,19.503417320452563,1
2025-02-05T22:00,35.9274090077116,25.9900921412194,1005.0169916600643,12.264624465182507,1
2025-02-06T23:00,29.700515416859172,28.853265805528558,1008.7127698812116,11.952375210702979,1  
2025-02-07T13:05,12.77,94,1018,7.72
2025-02-07T13:05,12.77,94,1018,7.72
2025-02-07T13:05,12.77,94,1018,7.72
2025-02-07T13:05,12.77,94,1018,7.72
2025-02-07T15:01,13.00,94,1018,6.17
2025-02-07T15:01,13.00,94,1018,6.17
2025-02-07T15:01,13.00,94,1018,6.17
2025-02-07T15:01,13.00,94,1018,6.17
2025-02-07T15:01,13.00,94,1018,6.17
2025-02-07T15:01,13.00,94,1018,6.17
2025-02-07T15:01,13.00,94,1018,6.17
2025-02-07T15:01,13.00,94,1018,6.17
2025-02-07T15:01,13.00,94,1018,6.17
2025-02-07T15:01,13.00,94,1018,6.17
2025-02-07T15:12,13.01,94,1018,6.17
2025-02-07T15:12,13.01,94,1018,6.17
2025-02-07T15:12,13.01,94,1018,6.17
2025-02-07T15:12,13.01,94,1018,6.17
2025-02-07T16:21,13.11,94,1018,6.17
2025-02-07T16:24,13.11,94,1018,6.17
2025-02-07T16:47,13.02,94,1018,5.66
2025-02-08T19:08,9.12,67,1019,2.09
